sid,image
1767702612,https://ldb-phinf.pstatic.net/20210829_92/1630175078473Ha24j_JPEG/guT_8sRnHMQgqWLvmQoEpmb8.jpg
1801606462,https://ldb-phinf.pstatic.net/20201028_3/1603848786062nzRIW_JPEG/ovJ24cwpko_IxHomDBXaLQPw.jpg
1745897774,https://ldb-phinf.pstatic.net/20210527_109/16220896681280RK35_JPEG/lDzvIHFW6jdBeVr4eHA9FXQ_.jpg
1254053911,https://ldb-phinf.pstatic.net/20210620_10/1624178780279EH6R7_PNG/wY3BWjvL_uGA9Miti9WZ5a2Z.png
1324819849,https://ldb-phinf.pstatic.net/20210421_95/1618990218391m7VQ9_JPEG/u8UrnXgwFuxUG72K6C5qAwlI.JPG.jpg
13471225,https://ldb-phinf.pstatic.net/20150901_289/1441042453831vjEnj_JPEG/SUBMIT_1281627207993_13471225.jpg
1686939210,https://ldb-phinf.pstatic.net/20210623_102/16244198418486JHUQ_JPEG/9sOWAI4mkbbGNnRl4oiUglXz.jpg
1174772304,
1706257057,
1653978913,https://ldb-phinf.pstatic.net/20210731_214/16276943847669Ekw5_JPEG/93mDugj_XvzCeLna4_-8nXoA.jpg
1668592617,
1498062577,https://ldb-phinf.pstatic.net/20210705_87/1625496801714rGoyK_JPEG/d6ccSCRvhG2MQSpoTY8zdHX9.jpg
1513100166,https://ldb-phinf.pstatic.net/20201206_35/1607184672123oofPR_JPEG/Vl-nqDU4m_nIQka5YyOhZskO.jpg
1587891696,https://ldb-phinf.pstatic.net/20211205_243/1638678421911wfOnf_PNG/%B4%D9%BF%EE%B7%CE%B5%E5-01.png
1733540587,https://ldb-phinf.pstatic.net/20200526_180/1590484627381t3wxu_PNG/OReQU6-sGeZOqpHwqEFfWICW.png
58455917,https://ldb-phinf.pstatic.net/20201119_172/1605713074222cMaCg_JPEG/cf3A-HbFRp7VBPDfhOQev2JR.jpg
1808184579,https://ldb-phinf.pstatic.net/20211021_253/1634742895528MzsAC_JPEG/6wqLL-xLPjuf2wtbLxGgeK-a.jpg
20331499,https://ldb-phinf.pstatic.net/20150901_93/1441044034916IV1PT_JPEG/20331499_0.jpg
37630408,https://ldb-phinf.pstatic.net/20160307_88/1457340889980fOEAE_JPEG/176179528263789_0.jpeg
37327041,https://ldb-phinf.pstatic.net/20210706_185/1625576589811kcgS1_PNG/wsnxZev7-jOz6naX36nZyqiq.png
1620127619,https://ldb-phinf.pstatic.net/20210408_7/161786099649364dDU_JPEG/qHU9mzwfr06OMdXrJPDvVl43.jpg
1788311094,https://ldb-phinf.pstatic.net/20210520_97/1621507010001zsy0G_JPEG/_NSJG2LZmF7Ifhcn39nNB0ek.jpg
1236306299,https://ldb-phinf.pstatic.net/20200130_299/1580330366705qPo9L_JPEG/sr3lVFvaNucwbt3s2-DZ9ezy.jpg
1212801563,https://ldb-phinf.pstatic.net/20210412_47/1618204950540fgojJ_JPEG/RKKNfhNN1NAD5afZLBwIFFBX.jpg
1403363217,https://ldb-phinf.pstatic.net/20211029_186/1635498261394ke0p0_JPEG/Y5oVHqwJ1VQ-YvBSyOp_mnyT.jpg
1105879816,https://ldb-phinf.pstatic.net/20180320_28/1521507904755awKr6_JPEG/Qutq1e6Km5LquNqVfgC_ByiT.jpg
1671766950,
1287443158,https://ldb-phinf.pstatic.net/20191009_251/1570553541066BiNrm_JPEG/8bkmrj-EgDQkULDNV-uu3tpl.jpg
1777602086,https://ldb-phinf.pstatic.net/20200909_8/1599644995201iJwPN_JPEG/-Ctge9ORwYpofL9DcpJlPoCT.jpg
1757386195,https://ldb-phinf.pstatic.net/20171205_165/1512454070373GuXNj_PNG/Utcv6MIZIOMit0CsTUT31vHe.png
299449204,
1670875948,
407623382,https://ldb-phinf.pstatic.net/20170703_266/1499046028709pvLeW_JPEG/186580546779972_0.jpeg
1008390204,https://ldb-phinf.pstatic.net/20200405_181/1586018140722hnKRa_JPEG/WrOjYDi5XJA5_zCXEEU2Fuxh.jpeg.jpg
1982997927,https://ldb-phinf.pstatic.net/20200204_129/1580791572327gl4ix_PNG/%C5%A9%B1%E2%BA%AF%C8%AF%BA%ED%B7%A2_%B7%CE%B0%ED.PNG
37793714,https://ldb-phinf.pstatic.net/20200314_80/15841568399582d4WK_JPEG/Q-Yn1eBlDAvh65xNAF2LvNNt.jpg
1175743168,https://ldb-phinf.pstatic.net/20191004_280/15701782948152E6lV_JPEG/dSjnOFNw0UHEySyoG6oJuLMt.jpg
1818970867,
1457735972,https://ldb-phinf.pstatic.net/20190821_199/1566371926174hgmd4_JPEG/Ob8CYZA6TL8di6SpUdKXNnz9.jpg
549173129,https://ldb-phinf.pstatic.net/20210721_198/1626842647751C1pYk_JPEG/69IxEns6Tex5823uOMpqOxrB.jpg
1198277244,https://ldb-phinf.pstatic.net/20211122_251/1637570473109sarSX_JPEG/%B8%F0%B5%BF%B8%F0%B5%BF.jpg
1667500114,https://ldb-phinf.pstatic.net/20210427_44/16195229020972I3MR_JPEG/0TnaeYw95Lv9mDGUteZSrl1I.jpg
37917904,https://ldb-phinf.pstatic.net/20160526_237/1464239446253l1MFF_JPEG/176476544064656_5.jpeg
1653718046,https://ldb-phinf.pstatic.net/20211103_42/16359182885404ClLY_JPEG/bqqlY-dD0eTk54T_FXgir5yW.jpg
1178794385,https://ldb-phinf.pstatic.net/20210214_14/1613305374666RuSAo_JPEG/3Lmaf-ihdC4Y7nWZHRRnJ-8f.jpg
31383752,https://ldb-phinf.pstatic.net/20201001_72/1601538043987lXpvQ_JPEG/MF2AYy-en36V7E6uNNe1ZqRU.jpg
1465432915,https://ldb-phinf.pstatic.net/20210225_173/1614236109967ipNOb_JPEG/d9_5Uceztn8mzydZ2ift6rkv.jpg
1064650077,https://ldb-phinf.pstatic.net/20191002_202/1570006595250iymcL_JPEG/3BqjFbxXII8eSn7bE1JD5pBt.jpg
32390316,https://ldb-phinf.pstatic.net/20190131_260/1548905954611Gm4RS_JPEG/6jivdaBA_ldJf_fr05uoNvkD.jpeg.jpg
1273025099,https://ldb-phinf.pstatic.net/20201003_189/1601717548951IsEtt_JPEG/7MBZ6zSiAQ66aw1vMmT3UWt3.jpeg.jpg
1570596281,https://ldb-phinf.pstatic.net/20210514_77/16210015829193izBc_JPEG/wOaoPa_BupD70SgXf2ejdFwG.jpg
1044438964,https://ldb-phinf.pstatic.net/20210323_184/1616500444207245cO_JPEG/P3ObfsIZr37f7_yKzw4MSaSn.jpeg.jpg
38415570,https://ldb-phinf.pstatic.net/20210619_115/16240363741270kvl0_JPEG/41pbpdvlD2eDUZLVee6bhw1l.jpg
1548880093,https://ldb-phinf.pstatic.net/20210820_60/1629428389093JQPfu_JPEG/SSsYf5nUjrLZobaKxVX_2FCX.jpeg.jpg
1142980384,https://ldb-phinf.pstatic.net/20210115_103/1610680599959otgLW_JPEG/aYp7d93Sh-vBnTOP6R8o9lRR.jpg
1056814743,https://ldb-phinf.pstatic.net/20190726_62/15641370741885VBlg_JPEG/Idv-qF3KVs7EDr3bUGrHdBtP.jpg
1704219179,
37240857,https://ldb-phinf.pstatic.net/20200628_54/159332459090868kod_JPEG/cdZxX0zAXuP4CNtHi5W2wv0a.jpg
1836354719,https://ldb-phinf.pstatic.net/20210913_255/1631496807326lAnQg_JPEG/-XogfPQJ9JiRWZxsWSIrDeSj.jpg
1073403861,https://ldb-phinf.pstatic.net/20190709_116/1562607455838wvqLD_JPEG/_dAguUj5wc1MRCP9KbVlDxK3.jpg
1890964386,https://ldb-phinf.pstatic.net/20200606_171/1591432470760yT5ut_JPEG/yILUtyRWNa_QEHUGsOAdIEBG.jpg
37696242,https://ldb-phinf.pstatic.net/20160325_184/1458893981469gXhHv_PNG/176273558031016_0.png
38632538,https://ldb-phinf.pstatic.net/20190818_215/1566135772002uYQT3_JPEG/vm4Ai17KZuQo7rF0Ho4hBsyO.jpg
1470827538,
1144738554,https://ldb-phinf.pstatic.net/20211116_70/1637055073776KBaxX_JPEG/KakaoTalk_20211116_182904747_21.jpg
20555087,https://ldb-phinf.pstatic.net/20201119_19/16057970124659SkE7_JPEG/CAPhN-funAv8425ZdW8x5cl4.jpg
1244972203,https://ldb-phinf.pstatic.net/20180419_188/1524148791334kjRxK_JPEG/29P3Rm-oJ9igzAf6I9D-XMr7.jpg
1051994260,https://ldb-phinf.pstatic.net/20190725_199/15640145348370eQqq_JPEG/A58sagJT3VCz-acFxgBSr7sR.jpg
1289901186,https://ldb-phinf.pstatic.net/20210305_134/16149278725285es6N_JPEG/6y7vQjPPvIs2etFNykxix3br.jpg
31564702,https://ldb-phinf.pstatic.net/20150831_101/1441001720136tnUjY_JPEG/SUBMIT_1362376179544_31564702.jpg
1433155187,https://ldb-phinf.pstatic.net/20201207_5/1607350220916hv9Ks_JPEG/Mc7VWcmvUItFGCuIFiwQiz2r.jpg
1210975395,https://ldb-phinf.pstatic.net/20211125_76/1637807897291HiHMF_JPEG/KakaoTalk_20211113_120833479_19.jpg
1776414580,https://ldb-phinf.pstatic.net/20210510_97/1620630381956fJbJj_JPEG/DF7pY50ACOS_uMz5t7flRoEs.jpg
1186243413,https://ldb-phinf.pstatic.net/20200617_32/1592350982510rR2r6_JPEG/t9O91bZasMkkwwW1-8wwxKZy.jpg
1429705824,https://ldb-phinf.pstatic.net/20200228_233/1582876058645IvFO8_JPEG/I9w80wzWVSznx9XmYBACt8iZ.jpg
